file	percent	reads	taxon_id	taxa
BP.kaiju.out	1.800192	1643818	213422	Geobacteraceae
BP.kaiju.out	1.628486	1487027	80864	Comamonadaceae
BP.kaiju.out	1.583068	1445555	563835	Chitinophagaceae
BP.kaiju.out	1.530806	1397832	1471398	Prolixibacteraceae
BP.kaiju.out	1.380772	1260831	49546	Flavobacteriaceae
BP.kaiju.out	1.266927	1156875	292628	Anaerolineaceae
BP.kaiju.out	1.203812	1099243	2008795	Azonexaceae
BP.kaiju.out	0.968022	883935	213119	Desulfobacteraceae
BP.kaiju.out	0.925289	844914	403	Methylococcaceae
BP.kaiju.out	0.853845	779676	189779	Nitrospiraceae
BP.kaiju.out	0.852531	778476	41294	Nitrobacteraceae
BP.kaiju.out	0.841581	768477	2975441	Sphaerotilaceae
BP.kaiju.out	0.665662	607839	41297	Sphingomonadaceae
BP.kaiju.out	0.664458	606740	1198451	Methanoregulaceae
BP.kaiju.out	0.615844	562349	84566	Sphingobacteriaceae
BP.kaiju.out	0.587472	536441	213468	Syntrophaceae
BP.kaiju.out	0.573226	523433	213121	Desulfobulbaceae
BP.kaiju.out	0.570345	520802	32033	Xanthomonadaceae
BP.kaiju.out	0.531849	485650	75787	Rhodocyclaceae
BP.kaiju.out	0.527832	481982	203557	Verrucomicrobiaceae
BP.kaiju.out	0.523672	478183	119060	Burkholderiaceae
BP.kaiju.out	0.443661	405122	31989	Paracoccaceae
BP.kaiju.out	0.407796	372373	135621	Pseudomonadaceae
BP.kaiju.out	0.405581	370350	1524215	Anaeromyxobacteraceae
BP.kaiju.out	0.39015	356260	134623	Opitutaceae
BP.kaiju.out	0.380778	347702	45401	Hyphomicrobiaceae
BP.kaiju.out	0.378428	345556	75682	Oxalobacteraceae
BP.kaiju.out	0.376029	343365	143067	Methanotrichaceae
BP.kaiju.out	0.375929	343274	2691357	Pirellulaceae
BP.kaiju.out	0.372973	340575	126	Planctomycetaceae
BP.kaiju.out	0.358018	326919	513556	Syntrophorhabdaceae
BP.kaiju.out	0.347539	317350	1046	Chromatiaceae
BP.kaiju.out	0.323843	295712	558415	Marinilabiliaceae
BP.kaiju.out	0.302451	276179	2008793	Sterolibacteriaceae
BP.kaiju.out	0.29226	266873	815	Bacteroidaceae
BP.kaiju.out	0.288035	263015	134621	Verrucomicrobia subdivision 3
BP.kaiju.out	0.279239	254983	69277	Phyllobacteriaceae
BP.kaiju.out	0.276513	252494	85015	Nocardioidaceae
BP.kaiju.out	0.272265	248615	2896860	Spirosomaceae
BP.kaiju.out	0.266218	243093	563798	Cyclobacteriaceae
BP.kaiju.out	0.263061	240210	1962910	Bryobacteraceae
BP.kaiju.out	0.250058	228337	2964538	Smithellaceae
BP.kaiju.out	0.239611	218797	1853232	Hymenobacteraceae
BP.kaiju.out	0.237263	216653	433	Acetobacteraceae
BP.kaiju.out	0.235627	215159	1762	Mycobacteriaceae
BP.kaiju.out	0.235587	215123	574976	Holophagaceae
BP.kaiju.out	0.22828	208450	171551	Porphyromonadaceae
BP.kaiju.out	0.219791	200699	186822	Paenibacillaceae
BP.kaiju.out	0.216879	198040	89373	Cytophagaceae
BP.kaiju.out	0.215239	196542	85023	Microbacteriaceae
BP.kaiju.out	0.211649	193264	204434	Acidobacteriaceae
BP.kaiju.out	0.210238	191976	82115	Rhizobiaceae
BP.kaiju.out	0.202031	184482	76892	Caulobacteraceae
BP.kaiju.out	0.190388	173850	2070	Pseudonocardiaceae
BP.kaiju.out	0.187627	171329	2008790	Thiobacillaceae
BP.kaiju.out	0.187477	171192	213421	Desulfuromonadaceae
BP.kaiju.out	0.185318	169220	2772226	Sulfuricellaceae
BP.kaiju.out	0.183192	167279	2691359	Lacipirellulaceae
BP.kaiju.out	0.181749	165961	31979	Clostridiaceae
BP.kaiju.out	0.17692	161552	2062	Streptomycetaceae
BP.kaiju.out	0.176592	161252	2206	Methanosarcinaceae
BP.kaiju.out	0.173387	158326	213465	Syntrophobacteraceae
BP.kaiju.out	0.172903	157884	186817	Bacillaceae
BP.kaiju.out	0.170372	155573	2008794	Zoogloeaceae
BP.kaiju.out	0.169435	154717	2762286	Fulvivirgaceae
BP.kaiju.out	0.162963	148807	49	Polyangiaceae
BP.kaiju.out	0.159077	145259	32011	Methylophilaceae
BP.kaiju.out	0.158311	144559	90627	Gallionellaceae
BP.kaiju.out	0.15549	141983	2886822	Desulfocapsaceae
BP.kaiju.out	0.151121	137994	85021	Intrasporangiaceae
BP.kaiju.out	0.146699	133956	137	Spirochaetaceae
BP.kaiju.out	0.145478	132841	1775411	Rhodanobacteraceae
BP.kaiju.out	0.144889	132303	2689614	Steroidobacteraceae
BP.kaiju.out	0.139816	127671	506	Alcaligenaceae
BP.kaiju.out	0.138009	126021	2845253	Treponemataceae
BP.kaiju.out	0.137361	125429	206379	Nitrosomonadaceae
BP.kaiju.out	0.137128	125216	28056	Micromonosporaceae
BP.kaiju.out	0.135915	124109	41295	Rhodospirillaceae
BP.kaiju.out	0.134046	122402	194924	Desulfovibrionaceae
BP.kaiju.out	0.132974	121423	3031624	Desulfosarcinaceae
BP.kaiju.out	0.12495	114096	335929	Erythrobacteraceae
BP.kaiju.out	0.122602	111952	216572	Oscillospiraceae
BP.kaiju.out	0.120009	109584	31	Myxococcaceae
BP.kaiju.out	0.118597	108295	795749	Ignavibacteriaceae
BP.kaiju.out	0.116913	106757	219687	Gemmatimonadaceae
BP.kaiju.out	0.116034	105955	2005525	Tannerellaceae
BP.kaiju.out	0.115892	105825	119045	Methylobacteriaceae
BP.kaiju.out	0.115552	105515	2762318	Weeksellaceae
BP.kaiju.out	0.115533	105497	332161	Solibacteraceae
BP.kaiju.out	0.114732	104766	1573805	Marinifilaceae
BP.kaiju.out	0.114634	104676	2854170	Roseobacteraceae
BP.kaiju.out	0.114311	104381	2771471	Thiovulaceae
BP.kaiju.out	0.110602	100995	633392	Iamiaceae
BP.kaiju.out	0.109312	99817	1763524	Isosphaeraceae
BP.kaiju.out	0.10806	98673	1914233	Gemmataceae
BP.kaiju.out	0.10667	97404	1706372	Halieaceae
BP.kaiju.out	0.105466	96305	39	Archangiaceae
BP.kaiju.out	0.105309	96161	2005523	Paludibacteraceae
BP.kaiju.out	0.104362	95297	2005520	Dysgonomonadaceae
BP.kaiju.out	0.103694	94687	72276	Ectothiorhodospiraceae
BP.kaiju.out	0.103532	94539	2211325	Vicinamibacteraceae
BP.kaiju.out	0.100683	91937	1400857	Candidatus Competibacteraceae
BP.kaiju.out	0.098905	90314	171550	Rikenellaceae
BP.kaiju.out	0.095665	87355	1268	Micrococcaceae
BP.kaiju.out	0.093859	85706	335928	Xanthobacteraceae
BP.kaiju.out	0.091487	83540	186803	Lachnospiraceae
BP.kaiju.out	0.090637	82764	171552	Prevotellaceae
BP.kaiju.out	0.088168	80509	2831106	Devosiaceae
BP.kaiju.out	0.087217	79641	2448023	Ilumatobacteraceae
BP.kaiju.out	0.084945	77566	1499392	Chromobacteriaceae
BP.kaiju.out	0.083868	76583	1840213	Lentimicrobiaceae
BP.kaiju.out	0.083076	75860	85016	Cellulomonadaceae
BP.kaiju.out	0.080156	73193	31957	Propionibacteriaceae
BP.kaiju.out	0.078616	71787	2829815	Azospirillaceae
BP.kaiju.out	0.078151	71362	85025	Nocardiaceae
BP.kaiju.out	0.070873	64717	1890438	Leptolyngbyaceae
BP.kaiju.out	0.068907	62921	2650922	Aestuariivirgaceae
BP.kaiju.out	0.067947	62045	543	Enterobacteriaceae
BP.kaiju.out	0.066913	61101	69657	Hyphomonadaceae
BP.kaiju.out	0.06395	58395	3023783	Desulfobacteriaceae
BP.kaiju.out	0.062731	57282	200667	Flammeovirgaceae
BP.kaiju.out	0.06215	56751	1162	Nostocaceae
BP.kaiju.out	0.062016	56629	468	Moraxellaceae
BP.kaiju.out	0.059993	54782	568386	Sinobacteraceae
BP.kaiju.out	0.058517	53434	89377	Crenotrichaceae
BP.kaiju.out	0.057597	52594	641	Vibrionaceae
BP.kaiju.out	0.057197	52229	2931039	Desulfococcaceae
BP.kaiju.out	0.056488	51581	475964	Caldilineaceae
BP.kaiju.out	0.056183	51303	2760872	Tenuifilaceae
BP.kaiju.out	0.055962	51101	2194	Methanomicrobiaceae
BP.kaiju.out	0.055521	50698	2004	Streptosporangiaceae
BP.kaiju.out	0.053043	48435	1853230	Crocinitomicaceae
BP.kaiju.out	0.052333	47787	415002	Puniceicoccaceae
BP.kaiju.out	0.05223	47693	28256	Halomonadaceae
BP.kaiju.out	0.051495	47022	191412	Chlorobiaceae
BP.kaiju.out	0.050967	46540	2803844	Usitatibacteraceae
BP.kaiju.out	0.050473	46089	135620	Oceanospirillaceae
BP.kaiju.out	0.049652	45339	89374	Saprospiraceae
BP.kaiju.out	0.049486	45187	135617	Thiotrichaceae
BP.kaiju.out	0.048399	44195	2831100	Boseaceae
BP.kaiju.out	0.047331	43220	1692041	Acidiferrobacteraceae
BP.kaiju.out	0.047279	43172	186807	Peptococcaceae
BP.kaiju.out	0.04597	41977	72275	Alteromonadaceae
BP.kaiju.out	0.045671	41704	1706371	Cellvibrionaceae
BP.kaiju.out	0.045542	41586	85031	Nakamurellaceae
BP.kaiju.out	0.045508	41555	2038695	Williamwhitmaniaceae
BP.kaiju.out	0.045453	41505	1813606	Balneolaceae
BP.kaiju.out	0.04502	41109	3031656	Desulfobaccaceae
BP.kaiju.out	0.044685	40803	2820280	Sphingosinicellaceae
BP.kaiju.out	0.043801	39996	1127830	Candidatus Brocadiaceae
BP.kaiju.out	0.043057	39317	1836792	Chthoniobacteraceae
BP.kaiju.out	0.042337	38659	1843490	Sporomusaceae
BP.kaiju.out	0.042003	38354	2831111	Kaistiaceae
BP.kaiju.out	0.04188	38242	2844375	Reyranellaceae
BP.kaiju.out	0.041411	37814	1937961	Haliscomenobacteraceae
BP.kaiju.out	0.041108	37537	1577788	Methanomassiliicoccaceae
BP.kaiju.out	0.040498	36980	2159	Methanobacteriaceae
BP.kaiju.out	0.03998	36507	84642	Aeromonadaceae
BP.kaiju.out	0.039776	36321	84994	Acidimicrobiaceae
BP.kaiju.out	0.03876	35393	1937960	Lewinellaceae
BP.kaiju.out	0.038441	35102	1771355	Tepidisphaeraceae
BP.kaiju.out	0.037412	34162	45404	Beijerinckiaceae
BP.kaiju.out	0.037202	33970	118968	Coxiellaceae
BP.kaiju.out	0.037125	33900	85030	Geodermatophilaceae
BP.kaiju.out	0.035829	32717	1853231	Odoribacteraceae
BP.kaiju.out	0.035731	32627	170	Leptospiraceae
BP.kaiju.out	0.0355	32416	255475	Aurantimonadaceae
BP.kaiju.out	0.035196	32139	2762302	Reichenbachiellaceae
BP.kaiju.out	0.034952	31916	1154585	Gaiellaceae
BP.kaiju.out	0.034926	31892	320599	Solirubrobacteraceae
BP.kaiju.out	0.034073	31113	2937909	Desulfitobacteriaceae
BP.kaiju.out	0.033583	30666	1962854	Calditrichaceae
BP.kaiju.out	0.033445	30540	666507	Phycisphaeraceae
BP.kaiju.out	0.033194	30311	481	Neisseriaceae
BP.kaiju.out	0.033029	30160	1334117	Melioribacteraceae
BP.kaiju.out	0.032476	29655	2012	Thermomonosporaceae
BP.kaiju.out	0.03207	29284	104174	Oscillochloridaceae
BP.kaiju.out	0.031839	29073	128827	Erysipelotrichaceae
BP.kaiju.out	0.031677	28925	2887365	Marinobacteraceae
BP.kaiju.out	0.031607	28861	183710	Deinococcaceae
BP.kaiju.out	0.030205	27581	3031658	Desulfomonilaceae
BP.kaiju.out	0.029764	27179	1970190	Salinivirgaceae
BP.kaiju.out	0.029537	26971	1860138	Chitinispirillaceae
BP.kaiju.out	0.028823	26319	31993	Methylocystaceae
BP.kaiju.out	0.028506	26030	2806305	Aggregatilineaceae
BP.kaiju.out	0.02802	25586	213483	Pseudobdellovibrionaceae
BP.kaiju.out	0.027739	25329	246874	Cryomorphaceae
BP.kaiju.out	0.026984	24640	2821832	Stappiaceae
BP.kaiju.out	0.026927	24588	2811504	Thermodesulfovibrionaceae
BP.kaiju.out	0.026846	24514	186806	Eubacteriaceae
BP.kaiju.out	0.026767	24442	224464	Kofleriaceae
BP.kaiju.out	0.025968	23712	2750653	Pontiellaceae
BP.kaiju.out	0.025903	23653	2937910	Desulfotomaculaceae
BP.kaiju.out	0.025798	23557	1890426	Synechococcaceae
BP.kaiju.out	0.025761	23523	444	Legionellaceae
BP.kaiju.out	0.025693	23461	1055686	Sandaracinaceae
BP.kaiju.out	0.025558	23338	1508635	Roseiflexaceae
BP.kaiju.out	0.025395	23189	83778	Kineosporiaceae
BP.kaiju.out	0.025274	23079	186823	Alicyclobacillaceae
BP.kaiju.out	0.024815	22659	135616	Piscirickettsiaceae
BP.kaiju.out	0.024116	22021	1647988	Akkermansiaceae
BP.kaiju.out	0.024115	22020	267890	Shewanellaceae
BP.kaiju.out	0.0241	22007	1892254	Oscillatoriaceae
BP.kaiju.out	0.023771	21706	2951104	Breznakiellaceae
BP.kaiju.out	0.023494	21453	224463	Nannocystaceae
BP.kaiju.out	0.023238	21219	74712	Frankiaceae
BP.kaiju.out	0.022806	20825	224372	Alcanivoracaceae
BP.kaiju.out	0.022667	20698	3031625	Desulfatirhabdiaceae
BP.kaiju.out	0.022386	20441	1892252	Microcoleaceae
BP.kaiju.out	0.021945	20039	1522127	Catalimonadaceae
BP.kaiju.out	0.021917	20013	186818	Planococcaceae
BP.kaiju.out	0.021358	19503	2691358	Thermoguttaceae
BP.kaiju.out	0.020846	19035	2843199	Miltoncostaeaceae
BP.kaiju.out	0.020562	18776	188786	Thermaceae
BP.kaiju.out	0.02023	18473	2726069	Kribbellaceae
BP.kaiju.out	0.020139	18390	2049	Actinomycetaceae
BP.kaiju.out	0.019151	17487	453228	Desulfarculaceae
BP.kaiju.out	0.018971	17323	33958	Lactobacillaceae
BP.kaiju.out	0.018938	17293	225058	Acidithiobacillaceae
BP.kaiju.out	0.018696	17072	186814	Thermoanaerobacteraceae
BP.kaiju.out	0.018511	16903	1676141	Wenzhouxiangellaceae
BP.kaiju.out	0.018433	16832	2005473	Muribaculaceae
BP.kaiju.out	0.018107	16534	1524216	Labilitrichaceae
BP.kaiju.out	0.018089	16518	1706375	Spongiibacteraceae
BP.kaiju.out	0.017406	15894	1706373	Microbulbiferaceae
BP.kaiju.out	0.017291	15789	2843308	Pleomorphomonadaceae
BP.kaiju.out	0.017219	15723	81852	Enterococcaceae
BP.kaiju.out	0.016654	15207	267888	Pseudoalteromonadaceae
BP.kaiju.out	0.016451	15022	186804	Peptostreptococcaceae
BP.kaiju.out	0.016347	14927	543314	Eubacteriales Family XIII. Incertae Sedis
BP.kaiju.out	0.016259	14847	2066434	Geminicoccaceae
BP.kaiju.out	0.016164	14760	2762306	Roseivirgaceae
BP.kaiju.out	0.016106	14707	196137	Methanospirillaceae
BP.kaiju.out	0.015959	14573	1892259	Aphanizomenonaceae
BP.kaiju.out	0.015839	14463	68298	Syntrophomonadaceae
BP.kaiju.out	0.015692	14329	2881426	Prochlorococcaceae
BP.kaiju.out	0.015636	14278	1890436	Pseudanabaenaceae
BP.kaiju.out	0.015632	14274	267889	Colwelliaceae
BP.kaiju.out	0.015353	14019	320583	Conexibacteraceae
BP.kaiju.out	0.015258	13933	213116	Desulfomicrobiaceae
BP.kaiju.out	0.015149	13833	83676	Nocardiopsaceae
BP.kaiju.out	0.015105	13793	2813035	Parvibaculaceae
BP.kaiju.out	0.01506	13752	2808963	Arcobacteraceae
BP.kaiju.out	0.015034	13728	1903409	Erwiniaceae
BP.kaiju.out	0.014973	13672	1042322	Demequinaceae
BP.kaiju.out	0.01489	13597	84997	Rubrobacteraceae
BP.kaiju.out	0.014555	13291	1921568	Micropepsaceae
BP.kaiju.out	0.01442	13167	3031665	Geoalkalibacteraceae
BP.kaiju.out	0.014109	12883	2048906	Pyrinomonadaceae
BP.kaiju.out	0.014076	12853	118882	Brucellaceae
BP.kaiju.out	0.014061	12840	186824	Thermoactinomycetaceae
BP.kaiju.out	0.013962	12749	3039168	Moorellaceae
BP.kaiju.out	0.013634	12450	1903411	Yersiniaceae
BP.kaiju.out	0.01353	12355	224380	Desulfonatronaceae
BP.kaiju.out	0.013477	12306	1333713	Schleiferiaceae
BP.kaiju.out	0.013364	12203	2705999	Casimicrobiaceae
BP.kaiju.out	0.013293	12138	2483367	Sedimentisphaeraceae
BP.kaiju.out	0.012998	11869	2844403	Rhodovibrionaceae
BP.kaiju.out	0.012816	11703	712	Pasteurellaceae
BP.kaiju.out	0.012769	11660	1217100	Jiangellaceae
BP.kaiju.out	0.012568	11476	31977	Veillonellaceae
BP.kaiju.out	0.012559	11468	3031627	Desulfatibacillaceae
BP.kaiju.out	0.012517	11430	2932362	Candidatus Manganitrophaceae
BP.kaiju.out	0.012489	11404	1202464	Dehalococcoidaceae
BP.kaiju.out	0.01246	11378	1843491	Selenomonadaceae
BP.kaiju.out	0.012406	11328	2800061	Maricaulaceae
BP.kaiju.out	0.012373	11298	1300	Streptococcaceae
BP.kaiju.out	0.012141	11086	2690158	Anaerohalosphaeraceae
BP.kaiju.out	0.011963	10924	3039865	Candidatus Cloacimonadaceae
BP.kaiju.out	0.01194	10903	1653	Corynebacteriaceae
BP.kaiju.out	0.011856	10826	203492	Fusobacteriaceae
BP.kaiju.out	0.011855	10825	3031622	Desulfolunaceae
BP.kaiju.out	0.011789	10765	2771472	Sulfurovaceae
BP.kaiju.out	0.011746	10726	2904715	Desulfosudaceae
BP.kaiju.out	0.011728	10709	2897346	Candidatus Scalinduaceae
BP.kaiju.out	0.011673	10659	85017	Promicromonosporaceae
BP.kaiju.out	0.011646	10634	85026	Gordoniaceae
BP.kaiju.out	0.011632	10622	2571193	Dictyobacteraceae
BP.kaiju.out	0.011595	10588	1643826	Eggerthellaceae
BP.kaiju.out	0.011533	10531	407032	Nitrospinaceae
BP.kaiju.out	0.011497	10498	2005519	Barnesiellaceae
BP.kaiju.out	0.011456	10461	388449	Ktedonobacteraceae
BP.kaiju.out	0.011195	10223	1903414	Morganellaceae
BP.kaiju.out	0.01118	10209	3031659	Geopsychrobacteraceae
BP.kaiju.out	0.011104	10139	2792775	Alsobacteraceae
BP.kaiju.out	0.011081	10118	2419832	Candidatus Ozemobacteraceae
BP.kaiju.out	0.010934	9984	1042314	Armatimonadaceae
BP.kaiju.out	0.010861	9918	2867375	Desulfallaceae
BP.kaiju.out	0.010792	9855	2844864	Thalassobaculaceae
BP.kaiju.out	0.010486	9575	72293	Helicobacteraceae
BP.kaiju.out	0.010483	9572	2036754	Chelatococcaceae
BP.kaiju.out	0.010468	9559	72294	Campylobacteraceae
BP.kaiju.out	0.010365	9465	2762301	Marivirgaceae
BP.kaiju.out	0.010274	9382	2844866	Thalassospiraceae
BP.kaiju.out	0.010197	9311	2661849	Calotrichaceae
BP.kaiju.out	0.010179	9295	2762276	Cesiribacteraceae
BP.kaiju.out	0.010177	9293	2907186	Tichowtungiaceae
BP.kaiju.out	0.010139	9258	2805590	Ornithinimicrobiaceae
BP.kaiju.out	0.010086	9210	84107	Coriobacteriaceae
BP.kaiju.out	0.010028	9157	145357	Dermacoccaceae
BP.kaiju.out	0.009831	8977	972	Halanaerobiaceae
BP.kaiju.out	0.009804	8952	85018	Dermatophilaceae
BP.kaiju.out	0.009799	8948	90964	Staphylococcaceae
BP.kaiju.out	0.009772	8923	189773	Herpetosiphonaceae
BP.kaiju.out	0.009738	8892	2812024	Syntrophotaleaceae
BP.kaiju.out	0.009682	8841	267893	Idiomarinaceae
BP.kaiju.out	0.009681	8840	1033997	Nitrososphaeraceae
BP.kaiju.out	0.009597	8763	2844601	Stellaceae
BP.kaiju.out	0.009554	8724	1663426	Fimbriimonadaceae
BP.kaiju.out	0.009518	8691	3031623	Desulforegulaceae
BP.kaiju.out	0.009511	8685	255474	Parvularculaceae
BP.kaiju.out	0.009475	8652	563843	Rhodothermaceae
BP.kaiju.out	0.009361	8548	2762317	Thermoflexibacteraceae
BP.kaiju.out	0.009216	8415	186828	Carnobacteriaceae
BP.kaiju.out	0.009191	8393	1392996	Candidatus Methanoperedenaceae
BP.kaiju.out	0.00913	8337	263369	Bacteriovoracaceae
BP.kaiju.out	0.009117	8325	1706374	Porticoccaceae
BP.kaiju.out	0.009046	8260	2066474	Endozoicomonadaceae
BP.kaiju.out	0.008976	8196	3031670	Deferrisomataceae
BP.kaiju.out	0.008906	8132	2791015	Sphaerochaetaceae
BP.kaiju.out	0.008754	7994	1442156	Ferrovaceae
BP.kaiju.out	0.00874	7981	543313	Eubacteriales Family XII. Incertae Sedis
BP.kaiju.out	0.008736	7977	995019	Sutterellaceae
BP.kaiju.out	0.008729	7971	2146	Acholeplasmataceae
BP.kaiju.out	0.008702	7946	188711	Thermodesulfobacteriaceae
BP.kaiju.out	0.008693	7938	31984	Heliobacteriaceae
BP.kaiju.out	0.00857	7826	1921783	Kiritimatiellaceae
BP.kaiju.out	0.008332	7608	255526	Halothiobacillaceae
BP.kaiju.out	0.008327	7604	53434	Halobacteroidaceae
BP.kaiju.out	0.008309	7587	1460864	Methanocalculaceae
BP.kaiju.out	0.008299	7578	3031626	Candidatus Magnetomoraceae
BP.kaiju.out	0.00829	7570	2843305	Phreatobacteraceae
BP.kaiju.out	0.008226	7511	2922432	Phototrophicaceae
BP.kaiju.out	0.00821	7497	1892251	Coleofasciculaceae
BP.kaiju.out	0.008195	7483	1892263	Hapalosiphonaceae
BP.kaiju.out	0.008158	7449	145358	Bogoriellaceae
BP.kaiju.out	0.008123	7417	332247	Trueperaceae
BP.kaiju.out	0.008038	7340	3031664	Geothermobacteraceae
BP.kaiju.out	0.008011	7315	510685	Sneathiellaceae
BP.kaiju.out	0.007944	7254	1890449	Microcystaceae
BP.kaiju.out	0.007858	7175	1106	Chloroflexaceae
BP.kaiju.out	0.00784	7159	570265	Methanocellaceae
BP.kaiju.out	0.00777	7095	1182	Scytonemataceae
BP.kaiju.out	0.007751	7078	3031459	Desulfonatronovibrionaceae
BP.kaiju.out	0.007721	7050	2690195	Elioraeaceae
BP.kaiju.out	0.007692	7024	1570339	Peptoniphilaceae
BP.kaiju.out	0.007656	6991	2945019	Geovibrionaceae
BP.kaiju.out	0.007655	6990	1890450	Aphanothecaceae
BP.kaiju.out	0.00762	6958	255527	Saccharospirillaceae
BP.kaiju.out	0.007455	6807	1853227	Rubricoccaceae
BP.kaiju.out	0.00745	6803	1903410	Pectobacteriaceae
BP.kaiju.out	0.007415	6771	543371	Thermoanaerobacterales Family III. Incertae Sedis
BP.kaiju.out	0.007382	6741	2772534	Vicingaceae
BP.kaiju.out	0.007372	6732	92713	Parachlamydiaceae
BP.kaiju.out	0.007279	6647	204431	Fibrobacteraceae
BP.kaiju.out	0.007185	6561	1643948	Kosmotogaceae
BP.kaiju.out	0.007043	6431	1331809	Kordiimonadaceae
BP.kaiju.out	0.006999	6391	85002	Sphaerobacteraceae
BP.kaiju.out	0.006999	6391	145360	Sanguibacteraceae
BP.kaiju.out	0.006986	6379	1382930	Ardenticatenaceae
BP.kaiju.out	0.006966	6361	2968741	Chloroherpetonaceae
BP.kaiju.out	0.006946	6343	186821	Sporolactobacillaceae
BP.kaiju.out	0.006933	6331	2603322	Vallitaleaceae
BP.kaiju.out	0.006893	6294	2494208	Capsulimonadaceae
BP.kaiju.out	0.006778	6189	2904714	Desulfosalsimonadaceae
BP.kaiju.out	0.006777	6188	1643949	Petrotogaceae
BP.kaiju.out	0.006753	6166	2507544	Candidatus Termititenacaceae
BP.kaiju.out	0.006699	6117	31953	Bifidobacteriaceae
BP.kaiju.out	0.006658	6080	1648490	Rubritaleaceae
BP.kaiju.out	0.006562	5992	2137278	Salinarimonadaceae
BP.kaiju.out	0.006555	5986	2997384	Anaerosomataceae
BP.kaiju.out	0.006549	5980	1495648	Thermoflexaceae
BP.kaiju.out	0.006543	5975	2600303	Baekduiaceae
BP.kaiju.out	0.006496	5932	206349	Hydrogenophilaceae
BP.kaiju.out	0.006436	5877	580372	Mariprofundaceae
BP.kaiju.out	0.006411	5854	990719	Christensenellaceae
BP.kaiju.out	0.00641	5853	1738654	Woeseiaceae
BP.kaiju.out	0.006397	5841	2685818	Amorphaceae
BP.kaiju.out	0.00625	5707	1890422	Gloeobacteraceae
BP.kaiju.out	0.00608	5552	2800062	Robiginitomaculaceae
BP.kaiju.out	0.006056	5530	2932623	Sulfurospirillaceae
BP.kaiju.out	0.006022	5499	2844863	Tepidamorphaceae
BP.kaiju.out	0.006014	5492	533207	Acanthopleuribacteraceae
BP.kaiju.out	0.006002	5481	85034	Glycomycetaceae
BP.kaiju.out	0.005953	5436	188709	Thermotogaceae
BP.kaiju.out	0.005953	5436	1737406	Tissierellaceae
BP.kaiju.out	0.005921	5407	539000	Clostridiales Family XVII. Incertae Sedis
BP.kaiju.out	0.005795	5292	1804993	Longimicrobiaceae
BP.kaiju.out	0.005728	5230	2498708	Candidatus Cryosericaceae
BP.kaiju.out	0.005504	5026	267892	Ferrimonadaceae
BP.kaiju.out	0.005454	4980	649777	Synergistaceae
BP.kaiju.out	0.005421	4950	742031	Salinisphaeraceae
BP.kaiju.out	0.005418	4947	1890464	Chroococcaceae
BP.kaiju.out	0.005388	4920	1553902	Oligoflexaceae
BP.kaiju.out	0.00531	4849	2831090	Blastochloridaceae
BP.kaiju.out	0.005303	4842	2810280	Coprobacillaceae
BP.kaiju.out	0.00527	4812	2805400	Actinopolymorphaceae
BP.kaiju.out	0.005262	4805	189770	Chrysiogenaceae
BP.kaiju.out	0.005261	4804	1937962	Microscillaceae
BP.kaiju.out	0.005256	4799	809	Chlamydiaceae
BP.kaiju.out	0.00525	4794	224379	Hahellaceae
BP.kaiju.out	0.00524	4785	909930	Acidaminococcaceae
BP.kaiju.out	0.005224	4770	267894	Psychromonadaceae
BP.kaiju.out	0.005184	4734	2762284	Flexibacteraceae
BP.kaiju.out	0.005166	4717	2172021	Ancalomicrobiaceae
BP.kaiju.out	0.005132	4686	2823145	Pleioneaceae
BP.kaiju.out	0.005041	4603	3039986	Nodosilineaceae
BP.kaiju.out	0.00502	4584	566277	Lentisphaeraceae
BP.kaiju.out	0.004943	4514	1191479	Magnetococcaceae
BP.kaiju.out	0.004877	4453	1524213	Vulgatibacteraceae
BP.kaiju.out	0.004851	4430	1096778	Thioalkalispiraceae
BP.kaiju.out	0.004836	4416	2811505	Dissulfurispiraceae
BP.kaiju.out	0.004827	4408	1508536	Kallotenuaceae
BP.kaiju.out	0.004817	4399	2562242	Thermoanaerobaculaceae
BP.kaiju.out	0.004804	4387	2976758	Capillimicrobiaceae
BP.kaiju.out	0.004793	4377	85020	Dermabacteraceae
BP.kaiju.out	0.004786	4370	1655514	Pelagibacteraceae
BP.kaiju.out	0.00478	4365	85019	Brevibacteriaceae
BP.kaiju.out	0.004757	4344	1890500	Hyellaceae
BP.kaiju.out	0.004756	4343	2259	Thermococcaceae
BP.kaiju.out	0.004695	4287	597359	Kiloniellaceae
BP.kaiju.out	0.004695	4287	3029087	Aminobacteriaceae
BP.kaiju.out	0.004633	4231	224027	Hydrogenothermaceae
BP.kaiju.out	0.004623	4221	2682227	Tepidiformaceae
BP.kaiju.out	0.004584	4186	449719	Granulosicoccaceae
BP.kaiju.out	0.004578	4180	361606	Patulibacteraceae
BP.kaiju.out	0.004574	4177	1798913	Microthrixaceae
BP.kaiju.out	0.004546	4151	2236	Halobacteriaceae
BP.kaiju.out	0.004525	4132	2956789	Desulfonauticaceae
BP.kaiju.out	0.004481	4092	338190	Nitrosopumilaceae
BP.kaiju.out	0.004399	4017	1331736	Ruaniaceae
BP.kaiju.out	0.004395	4013	3039693	Candidatus Auribacteraceae
BP.kaiju.out	0.004386	4005	1643824	Atopobiaceae
BP.kaiju.out	0.004363	3984	1433378	Motilibacteraceae
BP.kaiju.out	0.004353	3975	3031464	Thermodesulfatatoraceae
BP.kaiju.out	0.004342	3965	1779135	Bradymonadaceae
BP.kaiju.out	0.004295	3922	2303527	Trichocoleusaceae
BP.kaiju.out	0.004289	3916	558314	Desulfurobacteriaceae
BP.kaiju.out	0.004268	3897	1890448	Spirulinaceae
BP.kaiju.out	0.004203	3838	715221	Caldicoprobacteraceae
BP.kaiju.out	0.004182	3819	543349	Symbiobacteriaceae
BP.kaiju.out	0.004175	3812	2805416	Jatrophihabitantaceae
BP.kaiju.out	0.004151	3790	1129771	Leptotrichiaceae
BP.kaiju.out	0.004143	3783	2900659	Candidatus Aquicultoraceae
BP.kaiju.out	0.004106	3749	3024158	Cyclonatronaceae
BP.kaiju.out	0.0041	3744	1077264	Chthonomonadaceae
BP.kaiju.out	0.004088	3733	1890429	Acaryochloridaceae
BP.kaiju.out	0.004085	3730	64898	Aquificaceae
BP.kaiju.out	0.004052	3700	2866727	Reticulibacteraceae
BP.kaiju.out	0.004043	3692	2770092	Tepidanaerobacteraceae
BP.kaiju.out	0.004028	3678	1644061	Natrialbaceae
BP.kaiju.out	0.004005	3657	213117	Desulfohalobiaceae
BP.kaiju.out	0.003999	3652	143786	Brachyspiraceae
BP.kaiju.out	0.003978	3632	186827	Aerococcaceae
BP.kaiju.out	0.003975	3630	1853225	Salinibacteraceae
BP.kaiju.out	0.003953	3610	717964	Methylacidiphilaceae
BP.kaiju.out	0.003937	3595	1486721	Methylothermaceae
BP.kaiju.out	0.003917	3577	119043	Rhodobiaceae
BP.kaiju.out	0.003837	3504	2848916	Thermohalobacteraceae
BP.kaiju.out	0.00379	3461	622454	Cryptosporangiaceae
BP.kaiju.out	0.003748	3422	1652132	Halobacteriovoraceae
BP.kaiju.out	0.003739	3414	1759334	Parviterribacteraceae
BP.kaiju.out	0.003732	3408	3031641	Thermodesulforhabdaceae
BP.kaiju.out	0.003729	3405	1643950	Fervidobacteriaceae
BP.kaiju.out	0.003717	3394	39782	Blattabacteriaceae
BP.kaiju.out	0.003712	3390	1890428	Merismopediaceae
BP.kaiju.out	0.003709	3387	596498	Nitriliruptoraceae
BP.kaiju.out	0.003654	3337	255528	Victivallaceae
BP.kaiju.out	0.003654	3337	2770093	Thermosediminibacteraceae
BP.kaiju.out	0.0036	3287	1903335	Balneicellaceae
BP.kaiju.out	0.003583	3272	2829802	Afifellaceae
BP.kaiju.out	0.00353	3223	775	Rickettsiaceae
BP.kaiju.out	0.003525	3219	2975259	Parvicellaceae
BP.kaiju.out	0.003522	3216	3029088	Dethiosulfovibrionaceae
BP.kaiju.out	0.003513	3208	655351	Cohaesibacteraceae
BP.kaiju.out	0.003485	3182	1920240	Kangiellaceae
BP.kaiju.out	0.003481	3179	2813951	Terasakiellaceae
BP.kaiju.out	0.003456	3156	1783343	Endomicrobiaceae
BP.kaiju.out	0.003446	3147	1963268	Haloarculaceae
BP.kaiju.out	0.003441	3142	1853233	Thermonemataceae
BP.kaiju.out	0.003423	3126	191033	Oleiphilaceae
BP.kaiju.out	0.003423	3126	2772535	Salibacteraceae
BP.kaiju.out	0.003408	3112	908622	Euzebyaceae
BP.kaiju.out	0.003337	3047	186820	Listeriaceae
BP.kaiju.out	0.003335	3045	772	Bartonellaceae
BP.kaiju.out	0.003332	3043	88404	Methanocorpusculaceae
BP.kaiju.out	0.003318	3030	1934946	Immundisolibacteraceae
BP.kaiju.out	0.003294	3008	2066491	Emcibacteraceae
BP.kaiju.out	0.003291	3005	2844877	Zavarziniaceae
BP.kaiju.out	0.003249	2967	2767072	Treboniaceae
BP.kaiju.out	0.003245	2963	1937968	Bernardetiaceae
BP.kaiju.out	0.003237	2956	1505234	Chitinivibrionaceae
BP.kaiju.out	0.003176	2900	117942	Desulfurellaceae
BP.kaiju.out	0.003138	2865	543372	Thermoanaerobacterales Family IV. Incertae Sedis
BP.kaiju.out	0.003121	2850	1240483	Orbaceae
BP.kaiju.out	0.003105	2835	414713	Actinospicaceae
BP.kaiju.out	0.003062	2796	768668	Thermogemmatisporaceae
BP.kaiju.out	0.003052	2787	2758916	Paraconexibacteraceae
BP.kaiju.out	0.003014	2752	2714749	Lichenibacteriaceae
BP.kaiju.out	0.00298	2721	3039170	Desulfitibacteraceae
BP.kaiju.out	0.002977	2718	203488	Dictyoglomaceae
BP.kaiju.out	0.002977	2718	1501348	Amoebophilaceae
BP.kaiju.out	0.002963	2706	2808923	Fluviibacteraceae
BP.kaiju.out	0.002945	2689	2762316	Terrimicrobiaceae
BP.kaiju.out	0.00294	2685	2858885	Mangrovivirgaceae
BP.kaiju.out	0.002937	2682	2092	Mycoplasmataceae
BP.kaiju.out	0.002921	2667	1643957	Roseiarcaceae
BP.kaiju.out	0.00291	2657	2893042	Salisaetaceae
BP.kaiju.out	0.0029	2648	2162846	Candidatus Nanopelagicaceae
BP.kaiju.out	0.002891	2640	2897348	Candidatus Uabimicrobiaceae
BP.kaiju.out	0.002833	2587	119859	Tolypothrichaceae
BP.kaiju.out	0.002832	2586	414877	Catenulisporaceae
BP.kaiju.out	0.002827	2581	2759950	Dissulfurirhabdaceae
BP.kaiju.out	0.002785	2543	191394	Deferribacteraceae
BP.kaiju.out	0.00277	2529	2152899	Candidatus Fermentibacteraceae
BP.kaiju.out	0.002744	2506	225059	Thermithiobacillaceae
BP.kaiju.out	0.002685	2452	1963271	Halorubraceae
BP.kaiju.out	0.002649	2419	1644056	Haloferacaceae
BP.kaiju.out	0.00261	2383	1890528	Chroococcidiopsidaceae
BP.kaiju.out	0.002608	2381	2946505	Microvenatoraceae
BP.kaiju.out	0.002593	2368	34064	Francisellaceae
BP.kaiju.out	0.002585	2360	942	Anaplasmataceae
BP.kaiju.out	0.002568	2345	2772533	Luteibaculaceae
BP.kaiju.out	0.002564	2341	2814901	Propylenellaceae
BP.kaiju.out	0.002551	2329	3018741	Cellulosilyticaceae
BP.kaiju.out	0.002461	2247	2900654	Candidatus Geothermincolaceae
BP.kaiju.out	0.00246	2246	2898533	Zooshikellaceae
BP.kaiju.out	0.002454	2241	3029086	Acetomicrobiaceae
BP.kaiju.out	0.002452	2239	2692416	Ktedonosporobacteraceae
BP.kaiju.out	0.002442	2230	2232	Archaeoglobaceae
BP.kaiju.out	0.002436	2224	2071613	Raineyaceae
BP.kaiju.out	0.002402	2193	3031471	Dissulfuribacteraceae
BP.kaiju.out	0.002378	2171	125316	Beutenbergiaceae
BP.kaiju.out	0.002375	2169	2303730	Prochlorotrichaceae
BP.kaiju.out	0.002351	2147	1890431	Chamaesiphonaceae
BP.kaiju.out	0.002348	2144	83763	Succinivibrionaceae
BP.kaiju.out	0.002342	2139	2900672	Candidatus Anoxymicrobiaceae
BP.kaiju.out	0.002337	2134	2024974	Silvanigrellaceae
BP.kaiju.out	0.002287	2088	868	Cardiobacteriaceae
BP.kaiju.out	0.002067	1887	768649	Thermosporotrichaceae
BP.kaiju.out	0.00206	1881	2303507	Oculatellaceae
BP.kaiju.out	0.002058	1879	1868322	Candidatus Thermochlorobacteriaceae
BP.kaiju.out	0.002048	1870	1676650	Limnochordaceae
BP.kaiju.out	0.002041	1864	1903412	Hafniaceae
BP.kaiju.out	0.002029	1853	2831104	Breoghaniaceae
BP.kaiju.out	0.002016	1841	85033	Sporichthyaceae
BP.kaiju.out	0.002013	1838	543347	Clostridiales Family XVI. Incertae Sedis
BP.kaiju.out	0.002008	1834	1903416	Budviciaceae
BP.kaiju.out	0.002006	1832	2056687	Fastidiosibacteraceae
BP.kaiju.out	0.002002	1828	1853234	Persicobacteraceae
BP.kaiju.out	0.001989	1816	2946506	Lujinxingiaceae
BP.kaiju.out	0.001971	1800	2887331	Perlucidibacaceae
BP.kaiju.out	0.001957	1787	2793121	Vallicoccaceae
BP.kaiju.out	0.001955	1785	85029	Dietziaceae
BP.kaiju.out	0.001931	1763	2109261	Abditibacteriaceae
BP.kaiju.out	0.001921	1754	1890430	Coelosphaeriaceae
BP.kaiju.out	0.001904	1739	2183	Methanococcaceae
BP.kaiju.out	0.001904	1739	2562244	Thermotomaculaceae
BP.kaiju.out	0.001873	1710	2864377	Carbonactinosporaceae
BP.kaiju.out	0.001869	1707	541019	Gracilibacteraceae
BP.kaiju.out	0.001868	1706	1617891	Arenicellaceae
BP.kaiju.out	0.001866	1704	3018589	Ignatzschineriaceae
BP.kaiju.out	0.001861	1699	2945021	Calditerrivibrionaceae
BP.kaiju.out	0.001854	1693	1185407	Defluviitaleaceae
BP.kaiju.out	0.001812	1655	320796	Thermoleophilaceae
BP.kaiju.out	0.001789	1634	2812006	Bruguierivoracaceae
BP.kaiju.out	0.001787	1632	3029090	Aminiphilaceae
BP.kaiju.out	0.001785	1630	85028	Tsukamurellaceae
BP.kaiju.out	0.00178	1625	2042895	Gottschalkiaceae
BP.kaiju.out	0.00177	1616	2945022	Flexistipitaceae
BP.kaiju.out	0.001765	1612	2992719	Tepidimicrobiaceae
BP.kaiju.out	0.001759	1606	1969992	Desertifilaceae
BP.kaiju.out	0.001727	1577	539003	Bacillales Family X. Incertae Sedis
BP.kaiju.out	0.001725	1575	2992718	Sporanaerobacteraceae
BP.kaiju.out	0.001707	1559	2937911	Thermincolaceae
BP.kaiju.out	0.001694	1547	2614438	Candidatus Magnetaquicoccaceae
BP.kaiju.out	0.00169	1543	2493628	Minwuiaceae
BP.kaiju.out	0.001679	1533	134627	Verrucomicrobia subdivision 6
BP.kaiju.out	0.001649	1506	1769745	Pseudobacteriovoracaceae
BP.kaiju.out	0.001639	1497	3039169	Calderihabitantaceae
BP.kaiju.out	0.001628	1487	2035710	Thioalkalibacteraceae
BP.kaiju.out	0.001598	1459	1777752	Candidatus Paracaedibacteraceae
BP.kaiju.out	0.001598	1459	3031458	Desulfoplanaceae
BP.kaiju.out	0.001588	1450	267891	Moritellaceae
BP.kaiju.out	0.001585	1447	3024225	Thermospiraceae
BP.kaiju.out	0.001582	1445	2545691	Candidatus Methanollivieraceae
BP.kaiju.out	0.00157	1434	2723775	Lichenihabitantaceae
BP.kaiju.out	0.001566	1430	412447	Criblamydiaceae
BP.kaiju.out	0.001566	1430	2847776	Atribacteraceae
BP.kaiju.out	0.001558	1423	2795691	Nitratiruptoraceae
BP.kaiju.out	0.00154	1406	3023805	Desulfocucumaceae
BP.kaiju.out	0.001519	1387	2963099	Desulfuribacillaceae
BP.kaiju.out	0.001516	1384	292630	Hydrogenimonaceae
BP.kaiju.out	0.001507	1376	1491775	Proteinivoraceae
BP.kaiju.out	0.001498	1368	689704	Rhabdochlamydiaceae
BP.kaiju.out	0.001492	1362	2171986	Candidatus Saccharimonadaceae
BP.kaiju.out	0.001492	1362	2844374	Pseudoxanthobacteraceae
BP.kaiju.out	0.001471	1343	189777	Thermomicrobiaceae
BP.kaiju.out	0.00147	1342	2822331	Segnochrobactraceae
BP.kaiju.out	0.001461	1334	2885754	Candidatus Tiddalikarchaeaceae
BP.kaiju.out	0.001442	1317	3040680	Hoyosellaceae
BP.kaiju.out	0.001425	1301	2748673	Zhaonellaceae
BP.kaiju.out	0.001423	1299	92712	Simkaniaceae
BP.kaiju.out	0.001414	1291	224467	Nautiliaceae
BP.kaiju.out	0.001403	1281	1544800	Rhodothalassiaceae
BP.kaiju.out	0.001388	1267	2815910	Geminocystaceae
BP.kaiju.out	0.001358	1240	1890498	Dermocarpellaceae
BP.kaiju.out	0.00135	1233	196117	Methanocaldococcaceae
BP.kaiju.out	0.001329	1214	2786988	Koleobacteraceae
BP.kaiju.out	0.001325	1210	3016347	Futianiaceae
BP.kaiju.out	0.001324	1209	2712270	Xylanivirgaceae
BP.kaiju.out	0.001317	1203	2944142	Bianqueaceae
BP.kaiju.out	0.001312	1198	2301193	Balneatrichaceae
BP.kaiju.out	0.001275	1164	85022	Jonesiaceae
BP.kaiju.out	0.001271	1161	641876	Elusimicrobiaceae
BP.kaiju.out	0.001264	1154	2212440	Thiofilaceae
BP.kaiju.out	0.001248	1140	1266054	Algiphilaceae
BP.kaiju.out	0.001248	1140	2917697	Salsipaludibacteraceae
BP.kaiju.out	0.00123	1123	1769717	Mesoaciditogaceae
BP.kaiju.out	0.001225	1119	118883	Sulfolobaceae
BP.kaiju.out	0.001223	1117	2829814	Ahrensiaceae
BP.kaiju.out	0.001211	1106	2212439	Thiolinaceae
BP.kaiju.out	0.001158	1057	2815311	Laspinemataceae
BP.kaiju.out	0.00114	1041	2703813	Candidatus Mcinerneyibacteriaceae
BP.kaiju.out	0.001139	1040	622451	Actinopolysporaceae
BP.kaiju.out	0.00112	1023	2717338	Rhabdaerophilaceae
BP.kaiju.out	0.001105	1009	3031927	Govaniaceae
BP.kaiju.out	0.001104	1008	1643685	Borreliaceae
BP.kaiju.out	0.001091	996	1892261	Chlorogloeopsidaceae
BP.kaiju.out	0.001087	993	2267	Thermoproteaceae
BP.kaiju.out	0.001084	990	2810281	Turicibacteraceae
BP.kaiju.out	0.001073	980	1755824	Egicoccaceae
BP.kaiju.out	0.001066	973	2881378	Thermosynechococcaceae
BP.kaiju.out	0.001061	969	1892264	Fortieaceae
BP.kaiju.out	0.001051	960	2272	Desulfurococcaceae
BP.kaiju.out	0.001033	943	693073	Caldisericaceae
BP.kaiju.out	0.001021	932	85032	Acidothermaceae
BP.kaiju.out	0.001014	926	2900657	Candidatus Hydromicrobiaceae
BP.kaiju.out	0.000985	899	2100208	Caedimonadaceae
BP.kaiju.out	0.000963	879	2024981	Notoacmeibacteraceae
BP.kaiju.out	0.000935	854	485255	Natranaerobiaceae
BP.kaiju.out	0.000924	844	1747769	Egibacteraceae
BP.kaiju.out	0.000903	825	2975520	Candidatus Izemoplasmataceae
BP.kaiju.out	0.000888	811	3029089	Thermovirgaceae
BP.kaiju.out	0.000874	798	2131	Spiroplasmataceae
BP.kaiju.out	0.000871	795	2315421	Candidatus Sumerlaeaceae
BP.kaiju.out	0.000865	790	227387	Thermodesulfobiaceae
BP.kaiju.out	0.000854	780	412032	Celerinatantimonadaceae
BP.kaiju.out	0.000837	764	1892255	Gomontiellaceae
BP.kaiju.out	0.000811	741	1890499	Xenococcaceae
BP.kaiju.out	0.000805	735	2717330	Aestuariirhabdaceae
BP.kaiju.out	0.000797	728	2885757	Candidatus Bilamarchaeaceae
BP.kaiju.out	0.000793	724	2941492	Pumilibacteraceae
BP.kaiju.out	0.000792	723	2844881	Zymomonadaceae
BP.kaiju.out	0.000791	722	2807496	Natranaerofabaceae
BP.kaiju.out	0.000787	719	2805401	Antricoccaceae
BP.kaiju.out	0.000785	717	2805426	Kytococcaceae
BP.kaiju.out	0.00077	703	1185	Rivulariaceae
BP.kaiju.out	0.000761	695	2829290	Candidatus Eremiobacteraceae
BP.kaiju.out	0.000748	683	2138247	Coprothermobacteraceae
BP.kaiju.out	0.000746	681	2918833	Petrachlorosaceae
BP.kaiju.out	0.000745	680	2813859	Natronospirillaceae
BP.kaiju.out	0.000745	680	2881384	Thermostichaceae
BP.kaiju.out	0.000744	679	2945020	Mucispirillaceae
BP.kaiju.out	0.000724	661	1827282	Ventosimonadaceae
BP.kaiju.out	0.000719	657	1755828	Ichthyobacteriaceae
BP.kaiju.out	0.000718	656	2917811	Aliterellaceae
BP.kaiju.out	0.000703	642	1955043	Gloeomargaritaceae
BP.kaiju.out	0.000697	636	1890432	Romeriaceae
BP.kaiju.out	0.000694	634	92714	Waddliaceae
BP.kaiju.out	0.000684	625	2934961	Sirenicapillariaceae
BP.kaiju.out	0.000668	610	2944140	Yeguiaceae
BP.kaiju.out	0.000648	592	2814874	Neomegalonemataceae
BP.kaiju.out	0.000641	585	114378	Thermofilaceae
BP.kaiju.out	0.000602	550	1915415	Candidatus Methanomethylicaceae
BP.kaiju.out	0.0006	548	471823	Haloplasmataceae
BP.kaiju.out	0.000589	538	2885742	Candidatus Anstonellaceae
BP.kaiju.out	0.000588	537	1328881	Candidatus Midichloriaceae
BP.kaiju.out	0.000555	507	2795012	Candidatus Fermentimicrarchaeaceae
BP.kaiju.out	0.000555	507	2944141	Feifaniaceae
BP.kaiju.out	0.000546	499	2976354	Natronoarchaeaceae
BP.kaiju.out	0.000534	488	1890482	Entophysalidaceae
BP.kaiju.out	0.000532	486	2508947	Candidatus Borkfalkiaceae
BP.kaiju.out	0.000522	477	44746	Holosporaceae
BP.kaiju.out	0.000507	463	2885739	Candidatus Gugararchaeaceae
BP.kaiju.out	0.000476	435	2873895	Psittacicellaceae
BP.kaiju.out	0.000469	428	1892249	Cyanothecaceae
BP.kaiju.out	0.000462	422	1890497	Hydrococcaceae
BP.kaiju.out	0.000459	419	449732	Litorivicinaceae
BP.kaiju.out	0.000441	403	2885749	Candidatus Burarchaeaceae
BP.kaiju.out	0.000427	390	1963270	Halococcaceae
BP.kaiju.out	0.000425	388	1771359	Thorselliaceae
BP.kaiju.out	0.00041	374	1892258	Symphyonemataceae
BP.kaiju.out	0.000401	366	2202724	Methanonatronarchaeaceae
BP.kaiju.out	0.000399	364	3031654	Candidatus Adiutricaceae
BP.kaiju.out	0.00038	347	2930104	Deferrivibrionaceae
BP.kaiju.out	0.000378	345	145359	Rarobacteraceae
BP.kaiju.out	0.00037	338	2895623	Metamycoplasmataceae
BP.kaiju.out	0.000364	332	316606	Segniliparaceae
BP.kaiju.out	0.000362	331	2307	Pyrodictiaceae
BP.kaiju.out	0.000361	330	2856854	Ostreibacteriaceae
BP.kaiju.out	0.000352	321	1100104	Brevinemataceae
BP.kaiju.out	0.000334	305	186333	Anaeroplasmataceae
BP.kaiju.out	0.000322	294	2978049	Candidatus Wolframiiraptoraceae
BP.kaiju.out	0.0003	274	33925	Entomoplasmataceae
BP.kaiju.out	0.000283	258	90142	Ferroplasmaceae
BP.kaiju.out	0.00028	256	1968910	Candidatus Nitrosocaldaceae
BP.kaiju.out	0.000279	255	2802693	Candidatus Limnocylindraceae
BP.kaiju.out	0.000252	230	2517203	Candidatus Methanomethylophilaceae
BP.kaiju.out	0.000252	230	2787155	Culicoidibacteraceae
BP.kaiju.out	0.000247	226	685949	Fervidicoccaceae
BP.kaiju.out	0.000247	226	2093822	Candidatus Nanosynbacteraceae
BP.kaiju.out	0.000246	225	2066485	Iodidimonadaceae
BP.kaiju.out	0.000245	224	2545690	Candidatus Methanoliparaceae
BP.kaiju.out	0.00024	219	46659	Thermoplasmataceae
BP.kaiju.out	0.000239	218	2178	Methanothermaceae
BP.kaiju.out	0.00021	192	255472	Caldisphaeraceae
BP.kaiju.out	0.000203	185	2171994	Candidatus Nanosyncoccacae
BP.kaiju.out	0.000203	185	2885745	Candidatus Norongarragalinaceae
BP.kaiju.out	0.000174	159	183713	Methanopyraceae
BP.kaiju.out	0.000168	153	2992717	Acidilutibacteraceae
BP.kaiju.out	0.00016	146	871007	Acidilobaceae
BP.kaiju.out	0.000153	140	2171990	Candidatus Nanogingivalaceae
BP.kaiju.out	0.000149	136	2975285	Candidatus Comchoanobacteraceae
BP.kaiju.out	0.000138	126	2805586	Lawsonellaceae
BP.kaiju.out	0.000135	123	2982588	Candidatus Methanospirareceae
BP.kaiju.out	0.00013	119	538998	Pasteuriaceae
BP.kaiju.out	0.000128	117	2953756	Candidatus Chromulinivoraceae
BP.kaiju.out	0.000125	114	2798276	Conexivisphaeraceae
BP.kaiju.out	0.000124	113	2790998	Mycoplasmoidaceae
BP.kaiju.out	0.000123	112	2603433	Candidatus Deianiraeaceae
BP.kaiju.out	0.000112	102	46630	Picrophilaceae
BP.kaiju.out	0.00011	100	2497645	Candidatus Babeliaceae
BP.kaiju.out	0.000108	99	2900569	Candidatus Absconditicoccaceae
BP.kaiju.out	0.000106	97	1692504	Candidatus Clavichlamydiaceae
BP.kaiju.out	0.000106	97	2171987	Candidatus Nanoperiomorbaceae
BP.kaiju.out	0.000093	85	1293609	Candidatus Parilichlamydiaceae
BP.kaiju.out	0.000092	84	2885735	Candidatus Micrarchaeaceae
BP.kaiju.out	0.000091	83	2715733	Candidatus Chazhemtobacteraceae
BP.kaiju.out	0.000088	80	1902584	Candidatus Desulfofervidaceae
BP.kaiju.out	0.00008	73	3029085	Aminithiophilaceae
BP.kaiju.out	0.000077	70	205957	Cenarchaeaceae
BP.kaiju.out	0.000077	70	1389452	Candidatus Actinomarinaceae
BP.kaiju.out	0.000076	69	1890942	Nanopusillaceae
BP.kaiju.out	0.000065	59	3035922	Halorutilaceae
BP.kaiju.out	0.000057	52	2805591	Tropherymataceae
BP.kaiju.out	0.000055	50	1747776	Cuniculiplasmataceae
BP.kaiju.out	0.000053	48	651809	Phaselicystidaceae
BP.kaiju.out	0.000047	43	1890941	Nanoarchaeaceae
BP.kaiju.out	0.000032	29	660062	Methermicoccaceae
BP.kaiju.out	0.000027	25	2974823	Nanobdellaceae
BP.kaiju.out	0.000019	17	2856054	Candidatus Nanohalobiaceae
BP.kaiju.out	0.000014	13	2599196	Candidatus Thalassarchaeaceae
BP.kaiju.out	0.000012	11	1213	Prochloraceae
BP.kaiju.out	0.00001	9	2599197	Candidatus Poseidoniaceae
BP.kaiju.out	0.000007	6	213122	Desulfoarculaceae
BP.kaiju.out	0.000002	2	2507943	Heteroscytonemataceae
BP.kaiju.out	0.000002	2	2904606	Desulfofabaceae
BP.kaiju.out	0.000001	1	1890440	Schizotrichaceae
BP.kaiju.out	0.222578	203244	10239	Viruses
BP.kaiju.out	55.742168	50900122	NA	cannot be assigned to a (non-viral) family
BP.kaiju.out	57.144636	121760160	NA	unclassified
